company_id,ticker,year,annual_or_integrated,audited_annual_financial,full_year_governance,sustainability_separate_or_embedded,exchange_or_aggregator_copy,core_score_pct,complete_core,missing
bid,BID,2021,0,0,0,0,0,0.0,0,annual;financial;governance;sustainability
bid,BID,2022,0,0,0,0,0,0.0,0,annual;financial;governance;sustainability
bid,BID,2023,0,0,0,0,0,0.0,0,annual;financial;governance;sustainability
bid,BID,2024,0,0,0,0,0,0.0,0,annual;financial;governance;sustainability
bid,BID,2025,0,1,0,0,0,25.0,0,annual;governance;sustainability
bvh,BVH,2021,0,0,0,0,0,0.0,0,annual;financial;governance;sustainability
bvh,BVH,2022,0,0,0,0,0,0.0,0,annual;financial;governance;sustainability
bvh,BVH,2023,1,1,0,0,0,50.0,0,governance;sustainability
bvh,BVH,2024,0,1,1,0,0,50.0,0,annual;sustainability
bvh,BVH,2025,1,0,0,1,0,50.0,0,financial;governance
cdn,CDN,2021,0,0,0,0,0,0.0,0,annual;financial;governance;sustainability
cdn,CDN,2022,0,0,0,0,0,0.0,0,annual;financial;governance;sustainability
cdn,CDN,2023,0,1,0,0,0,25.0,0,annual;governance;sustainability
cdn,CDN,2024,0,0,0,0,0,0.0,0,annual;financial;governance;sustainability
cdn,CDN,2025,0,1,0,0,0,25.0,0,annual;governance;sustainability
cng,CNG,2021,0,0,0,0,0,0.0,0,annual;financial;governance;sustainability
cng,CNG,2022,0,0,0,0,0,0.0,0,annual;financial;governance;sustainability
cng,CNG,2023,0,0,0,1,0,25.0,0,annual;financial;governance
cng,CNG,2024,0,0,0,1,0,25.0,0,annual;financial;governance
cng,CNG,2025,0,0,0,0,0,0.0,0,annual;financial;governance;sustainability
ctd,CTD,2021,0,1,0,0,0,25.0,0,annual;governance;sustainability
ctd,CTD,2022,0,1,0,0,0,25.0,0,annual;governance;sustainability
ctd,CTD,2023,0,1,0,0,0,25.0,0,annual;governance;sustainability
ctd,CTD,2024,0,1,1,0,0,50.0,0,annual;sustainability
ctd,CTD,2025,1,1,1,1,0,100.0,1,
ctg,CTG,2021,0,0,0,0,0,0.0,0,annual;financial;governance;sustainability
ctg,CTG,2022,0,0,0,0,0,0.0,0,annual;financial;governance;sustainability
ctg,CTG,2023,0,0,0,0,0,0.0,0,annual;financial;governance;sustainability
ctg,CTG,2024,0,0,0,0,0,0.0,0,annual;financial;governance;sustainability
ctg,CTG,2025,0,0,0,0,0,0.0,0,annual;financial;governance;sustainability
dgw,DGW,2021,0,0,0,0,0,0.0,0,annual;financial;governance;sustainability
dgw,DGW,2022,0,0,0,0,0,0.0,0,annual;financial;governance;sustainability
dgw,DGW,2023,0,0,0,0,0,0.0,0,annual;financial;governance;sustainability
dgw,DGW,2024,0,0,0,0,0,0.0,0,annual;financial;governance;sustainability
dgw,DGW,2025,0,0,0,0,0,0.0,0,annual;financial;governance;sustainability
dhg,DHG,2021,0,0,0,0,0,0.0,0,annual;financial;governance;sustainability
dhg,DHG,2022,0,0,1,1,0,50.0,0,annual;financial
dhg,DHG,2023,1,0,1,1,0,75.0,0,financial
dhg,DHG,2024,1,1,1,1,0,100.0,1,
dhg,DHG,2025,1,1,1,1,0,100.0,1,
dpr,DPR,2021,1,0,0,0,0,25.0,0,financial;governance;sustainability
dpr,DPR,2022,1,0,0,0,0,25.0,0,financial;governance;sustainability
dpr,DPR,2023,1,0,0,1,0,50.0,0,financial;governance
dpr,DPR,2024,1,1,1,1,0,100.0,1,
dpr,DPR,2025,1,1,1,0,0,75.0,0,sustainability
fmc,FMC,2021,0,0,0,0,0,0.0,0,annual;financial;governance;sustainability
fmc,FMC,2022,0,0,0,1,0,25.0,0,annual;financial;governance
fmc,FMC,2023,0,0,0,1,0,25.0,0,annual;financial;governance
fmc,FMC,2024,0,0,0,0,0,0.0,0,annual;financial;governance;sustainability
fmc,FMC,2025,0,0,0,0,0,0.0,0,annual;financial;governance;sustainability
hdb,HDB,2021,0,0,0,0,0,0.0,0,annual;financial;governance;sustainability
hdb,HDB,2022,0,0,0,0,0,0.0,0,annual;financial;governance;sustainability
hdb,HDB,2023,0,0,0,0,0,0.0,0,annual;financial;governance;sustainability
hdb,HDB,2024,0,0,0,0,0,0.0,0,annual;financial;governance;sustainability
hdb,HDB,2025,0,0,0,0,0,0.0,0,annual;financial;governance;sustainability
msr,MSR,2021,0,0,0,0,0,0.0,0,annual;financial;governance;sustainability
msr,MSR,2022,0,0,0,0,0,0.0,0,annual;financial;governance;sustainability
msr,MSR,2023,0,0,0,0,0,0.0,0,annual;financial;governance;sustainability
msr,MSR,2024,1,0,0,0,0,25.0,0,financial;governance;sustainability
msr,MSR,2025,0,0,0,0,0,0.0,0,annual;financial;governance;sustainability
mwg,MWG,2021,0,0,0,0,0,0.0,0,annual;financial;governance;sustainability
mwg,MWG,2022,0,0,0,0,0,0.0,0,annual;financial;governance;sustainability
mwg,MWG,2023,0,0,0,0,0,0.0,0,annual;financial;governance;sustainability
mwg,MWG,2024,0,0,0,0,0,0.0,0,annual;financial;governance;sustainability
mwg,MWG,2025,0,0,0,0,0,0.0,0,annual;financial;governance;sustainability
pan,PAN,2021,1,0,0,1,0,50.0,0,financial;governance
pan,PAN,2022,1,1,0,1,0,75.0,0,governance
pan,PAN,2023,1,0,0,1,0,50.0,0,financial;governance
pan,PAN,2024,1,0,1,1,0,75.0,0,financial
pan,PAN,2025,1,1,1,1,0,100.0,1,
phr,PHR,2021,0,0,0,0,0,0.0,0,annual;financial;governance;sustainability
phr,PHR,2022,0,0,0,0,0,0.0,0,annual;financial;governance;sustainability
phr,PHR,2023,0,0,0,0,0,0.0,0,annual;financial;governance;sustainability
phr,PHR,2024,0,0,0,0,0,0.0,0,annual;financial;governance;sustainability
phr,PHR,2025,1,0,0,0,0,25.0,0,financial;governance;sustainability
pnj,PNJ,2021,0,0,0,1,0,25.0,0,annual;financial;governance
pnj,PNJ,2022,1,0,0,1,0,50.0,0,financial;governance
pnj,PNJ,2023,1,0,0,1,0,50.0,0,financial;governance
pnj,PNJ,2024,0,0,0,0,0,0.0,0,annual;financial;governance;sustainability
pnj,PNJ,2025,0,0,0,0,0,0.0,0,annual;financial;governance;sustainability
pow,POW,2021,0,0,0,0,0,0.0,0,annual;financial;governance;sustainability
pow,POW,2022,0,0,0,0,0,0.0,0,annual;financial;governance;sustainability
pow,POW,2023,0,0,0,0,0,0.0,0,annual;financial;governance;sustainability
pow,POW,2024,0,0,0,0,0,0.0,0,annual;financial;governance;sustainability
pow,POW,2025,1,1,1,0,0,75.0,0,sustainability
sab,SAB,2021,0,1,0,0,0,25.0,0,annual;governance;sustainability
sab,SAB,2022,0,1,0,0,0,25.0,0,annual;governance;sustainability
sab,SAB,2023,0,1,0,0,0,25.0,0,annual;governance;sustainability
sab,SAB,2024,0,1,0,1,0,50.0,0,annual;governance
sab,SAB,2025,0,0,0,0,0,0.0,0,annual;financial;governance;sustainability
tra,TRA,2021,0,0,0,0,0,0.0,0,annual;financial;governance;sustainability
tra,TRA,2022,0,0,0,0,0,0.0,0,annual;financial;governance;sustainability
tra,TRA,2023,0,0,0,1,0,25.0,0,annual;financial;governance
tra,TRA,2024,0,0,0,1,0,25.0,0,annual;financial;governance
tra,TRA,2025,0,0,0,1,0,25.0,0,annual;financial;governance
vcs,VCS,2021,0,0,0,0,0,0.0,0,annual;financial;governance;sustainability
vcs,VCS,2022,0,0,0,0,0,0.0,0,annual;financial;governance;sustainability
vcs,VCS,2023,0,0,0,0,0,0.0,0,annual;financial;governance;sustainability
vcs,VCS,2024,0,0,0,0,0,0.0,0,annual;financial;governance;sustainability
vcs,VCS,2025,0,0,0,0,0,0.0,0,annual;financial;governance;sustainability
vnm,VNM,2021,0,0,0,0,0,0.0,0,annual;financial;governance;sustainability
vnm,VNM,2022,1,1,0,1,0,75.0,0,governance
vnm,VNM,2023,1,0,0,1,0,50.0,0,financial;governance
vnm,VNM,2024,1,0,0,0,0,25.0,0,financial;governance;sustainability
vnm,VNM,2025,0,0,0,0,0,0.0,0,annual;financial;governance;sustainability
