id,ticker,exchange,company,sector,official_domains,official_start_urls,cafef_urls,hnx_urls
vnm,VNM,HOSE,Công ty Cổ phần Sữa Việt Nam,Thực phẩm - sữa,vinamilk.com.vn,https://www.vinamilk.com.vn/investor/reports/annual/ | https://www.vinamilk.com.vn/investor/reports/sustainability/ | https://www.vinamilk.com.vn/investor/reports/financial/ | https://www.vinamilk.com.vn/investor/reports/governance/ | https://www.vinamilk.com.vn/investor/reports/amg/,https://cafef.vn/du-lieu/hose/vnm-tai-lieu.chn | https://cafef.vn/du-lieu/vnm/bao-cao-tai-chinh.chn,
pnj,PNJ,HOSE,Công ty Cổ phần Vàng bạc Đá quý Phú Nhuận,Bán lẻ - trang sức,pnj.com.vn,https://www.pnj.com.vn/quan-he-co-dong/bao-cao-thuong-nien/ | https://www.pnj.com.vn/quan-he-co-dong/bao-cao-tai-chinh/ | https://www.pnj.com.vn/quan-he-co-dong/bao-cao-tinh-hinh-quan-tri-cong-ty/ | https://www.pnj.com.vn/quan-he-co-dong/dai-hoi-dong-co-dong/,https://cafef.vn/du-lieu/hose/pnj-tai-lieu.chn | https://cafef.vn/du-lieu/pnj/bao-cao-tai-chinh.chn,
bid,BID,HOSE,Ngân hàng TMCP Đầu tư và Phát triển Việt Nam,Ngân hàng,bidv.com.vn,https://bidv.com.vn/vn/quan-he-nha-dau-tu/bao-cao-va-tai-lieu | https://bidv.com.vn/vn/quan-he-nha-dau-tu/cong-bo-thong-tin,https://cafef.vn/du-lieu/hose/bid-tai-lieu.chn | https://cafef.vn/du-lieu/bid/bao-cao-tai-chinh.chn,
ctg,CTG,HOSE,Ngân hàng TMCP Công Thương Việt Nam,Ngân hàng,vietinbank.vn,https://www.vietinbank.vn/web/home/vn/quan-he-nha-dau-tu/,https://cafef.vn/du-lieu/hose/ctg-tai-lieu.chn | https://cafef.vn/du-lieu/ctg/bao-cao-tai-chinh.chn,
bvh,BVH,HOSE,Tập đoàn Bảo Việt,Bảo hiểm - tài chính,baoviet.com.vn,https://www.baoviet.com.vn/vi/quan-he-co-dong | https://www.baoviet.com.vn/vi/bao-cao-ptbv,https://cafef.vn/du-lieu/hose/bvh-tai-lieu.chn | https://cafef.vn/du-lieu/bvh/bao-cao-tai-chinh.chn,
ctd,CTD,HOSE,Công ty Cổ phần Xây dựng Coteccons,Xây dựng,coteccons.vn,https://www.coteccons.vn/investor-relations-vn/ | https://www.coteccons.vn/annual-report-vn/,https://cafef.vn/du-lieu/hose/ctd-tai-lieu.chn | https://cafef.vn/du-lieu/ctd/bao-cao-tai-chinh.chn,
sab,SAB,HOSE,Tổng Công ty Cổ phần Bia - Rượu - Nước giải khát Sài Gòn,Đồ uống,sabeco.com.vn,https://www.sabeco.com.vn/en-US/Default.aspx?zoneid=99 | https://www.sabeco.com.vn/en-US/investors/financial-statements | https://www.sabeco.com.vn/en-US/investors/corporate-governance/governance-reports,https://cafef.vn/du-lieu/hose/sab-tai-lieu.chn | https://cafef.vn/du-lieu/sab/bao-cao-tai-chinh.chn,
pan,PAN,HOSE,Công ty Cổ phần Tập đoàn PAN,Nông nghiệp - thực phẩm,thepangroup.vn,https://thepangroup.vn/investor-relation/ | https://thepangroup.vn/investor-relation/investor-library/annual-report/ | https://thepangroup.vn/investor-relation/investor-library/sustainability-report/ | https://thepangroup.vn/investor-relation/investor-library/governance-report/ | https://thepangroup.vn/investor-relation/investor-library/financial-statements/,https://cafef.vn/du-lieu/hose/pan-tai-lieu.chn | https://cafef.vn/du-lieu/pan/bao-cao-tai-chinh.chn,
dhg,DHG,HOSE,Công ty Cổ phần Dược Hậu Giang,Dược phẩm,dhgpharma.com.vn,https://dhgpharma.com.vn/vi/quan-he-co-dong,https://cafef.vn/du-lieu/hose/dhg-tai-lieu.chn | https://cafef.vn/du-lieu/dhg/bao-cao-tai-chinh.chn,
tra,TRA,HOSE,Công ty Cổ phần Traphaco,Dược phẩm,traphaco.com.vn,https://traphaco.com.vn/shareholder/annual-report | https://traphaco.com.vn/shareholder/financial-reports,https://cafef.vn/du-lieu/hose/tra-tai-lieu.chn | https://cafef.vn/du-lieu/tra/bao-cao-tai-chinh.chn,
tng,TNG,HNX,Công ty Cổ phần Đầu tư và Thương mại TNG,Dệt may,tng.vn,https://tng.vn/quan-he-co-dong/,https://cafef.vn/du-lieu/hnx/tng-tai-lieu.chn | https://cafef.vn/du-lieu/tng/bao-cao-tai-chinh.chn,https://www.hnx.vn/vi-vn/cophieu-etfs/chi-tiet-chung-khoan-ny-tng.html
vcs,VCS,HNX,Công ty Cổ phần Vicostone,Vật liệu xây dựng,vicostone.com,https://vicostone.com/vi-vn/quan-he-co-dong,https://cafef.vn/du-lieu/hnx/vcs-tai-lieu.chn | https://cafef.vn/du-lieu/vcs/bao-cao-tai-chinh.chn,https://www.hnx.vn/vi-vn/cophieu-etfs/chi-tiet-chung-khoan-ny-vcs.html
bmp,BMP,HOSE,Công ty Cổ phần Nhựa Bình Minh,Nhựa - vật liệu,binhminhplastic.com.vn,https://binhminhplastic.com.vn/quan-he-co-dong/,https://cafef.vn/du-lieu/hose/bmp-tai-lieu.chn | https://cafef.vn/du-lieu/bmp/bao-cao-tai-chinh.chn,
msr,MSR,UPCOM,Công ty Cổ phần Masan High-Tech Materials,Khai khoáng - vật liệu,masanhightechmaterials.com,https://masanhightechmaterials.com/investor-relations/,https://cafef.vn/du-lieu/upcom/msr-tai-lieu.chn | https://cafef.vn/du-lieu/msr/bao-cao-tai-chinh.chn,https://www.hnx.vn/vi-vn/cophieu-etfs/chi-tiet-chung-khoan-uc-msr.html
pow,POW,HOSE,Tổng Công ty Điện lực Dầu khí Việt Nam - CTCP,Điện - năng lượng,pvpower.vn,https://pvpower.vn/quan-he-co-dong/,https://cafef.vn/du-lieu/hose/pow-tai-lieu.chn | https://cafef.vn/du-lieu/pow/bao-cao-tai-chinh.chn,
nt2,NT2,HOSE,Công ty Cổ phần Điện lực Dầu khí Nhơn Trạch 2,Điện - năng lượng,pvpowernt2.vn,https://pvpowernt2.vn/quan-he-co-dong/,https://cafef.vn/du-lieu/hose/nt2-tai-lieu.chn | https://cafef.vn/du-lieu/nt2/bao-cao-tai-chinh.chn,
qns,QNS,UPCOM,Công ty Cổ phần Đường Quảng Ngãi,Thực phẩm - nông nghiệp,qns.com.vn,https://qns.com.vn/quan-he-co-dong/,https://cafef.vn/du-lieu/upcom/qns-tai-lieu.chn | https://cafef.vn/du-lieu/qns/bao-cao-tai-chinh.chn,https://www.hnx.vn/vi-vn/cophieu-etfs/chi-tiet-chung-khoan-uc-qns.html
hdb,HDB,HOSE,Ngân hàng TMCP Phát triển Thành phố Hồ Chí Minh,Ngân hàng,hdbank.com.vn,https://hdbank.com.vn/vi/investor,https://cafef.vn/du-lieu/hose/hdb-tai-lieu.chn | https://cafef.vn/du-lieu/hdb/bao-cao-tai-chinh.chn,
mwg,MWG,HOSE,Công ty Cổ phần Đầu tư Thế Giới Di Động,Bán lẻ,mwg.vn,https://mwg.vn/quan-he-co-dong/,https://cafef.vn/du-lieu/hose/mwg-tai-lieu.chn | https://cafef.vn/du-lieu/mwg/bao-cao-tai-chinh.chn,
tlg,TLG,HOSE,Công ty Cổ phần Tập đoàn Thiên Long,Hàng tiêu dùng,thienlonggroup.com,https://thienlonggroup.com/quan-he-co-dong/,https://cafef.vn/du-lieu/hose/tlg-tai-lieu.chn | https://cafef.vn/du-lieu/tlg/bao-cao-tai-chinh.chn,
acg,ACG,HOSE,Công ty Cổ phần Gỗ An Cường,Gỗ - vật liệu,ancuong.com,https://ancuong.com/quan-he-co-dong/,https://cafef.vn/du-lieu/hose/acg-tai-lieu.chn | https://cafef.vn/du-lieu/acg/bao-cao-tai-chinh.chn,
phr,PHR,HOSE,Công ty Cổ phần Cao su Phước Hòa,Cao su - nông nghiệp,phr.vn,https://phr.vn/quan-he-co-dong/,https://cafef.vn/du-lieu/hose/phr-tai-lieu.chn | https://cafef.vn/du-lieu/phr/bao-cao-tai-chinh.chn,
dpr,DPR,HOSE,Công ty Cổ phần Cao su Đồng Phú,Cao su - nông nghiệp,doruco.com.vn,https://doruco.com.vn/quan-he-co-dong/,https://cafef.vn/du-lieu/hose/dpr-tai-lieu.chn | https://cafef.vn/du-lieu/dpr/bao-cao-tai-chinh.chn,
fmc,FMC,HOSE,Công ty Cổ phần Thực phẩm Sao Ta,Thủy sản,fimexvn.com,https://fimexvn.com/quan-he-co-dong/,https://cafef.vn/du-lieu/hose/fmc-tai-lieu.chn | https://cafef.vn/du-lieu/fmc/bao-cao-tai-chinh.chn,
cng,CNG,HOSE,Công ty Cổ phần CNG Việt Nam,Khí - năng lượng,cngvietnam.com,https://cngvietnam.com/quan-he-co-dong/,https://cafef.vn/du-lieu/hose/cng-tai-lieu.chn | https://cafef.vn/du-lieu/cng/bao-cao-tai-chinh.chn,
chp,CHP,HOSE,Công ty Cổ phần Thủy điện Miền Trung,Thủy điện,chp.vn,https://chp.vn/quan-he-co-dong/,https://cafef.vn/du-lieu/hose/chp-tai-lieu.chn | https://cafef.vn/du-lieu/chp/bao-cao-tai-chinh.chn,
ocb,OCB,HOSE,Ngân hàng TMCP Phương Đông,Ngân hàng,ocb.com.vn,https://www.ocb.com.vn/vi/quan-he-nha-dau-tu,https://cafef.vn/du-lieu/hose/ocb-tai-lieu.chn | https://cafef.vn/du-lieu/ocb/bao-cao-tai-chinh.chn,
dgw,DGW,HOSE,Công ty Cổ phần Thế Giới Số,Phân phối công nghệ,digiworld.com.vn,https://digiworld.com.vn/quan-he-co-dong/,https://cafef.vn/du-lieu/hose/dgw-tai-lieu.chn | https://cafef.vn/du-lieu/dgw/bao-cao-tai-chinh.chn,
cdn,CDN,HNX,Công ty Cổ phần Cảng Đà Nẵng,Cảng - logistics,danangport.com,https://danangport.com/quan-he-co-dong/,https://cafef.vn/du-lieu/hnx/cdn-tai-lieu.chn | https://cafef.vn/du-lieu/cdn/bao-cao-tai-chinh.chn,https://www.hnx.vn/vi-vn/cophieu-etfs/chi-tiet-chung-khoan-ny-cdn.html
dmc,DMC,HOSE,Công ty Cổ phần Xuất nhập khẩu Y tế Domesco,Dược phẩm,domesco.com,https://domesco.com/quan-he-co-dong/,https://cafef.vn/du-lieu/hose/dmc-tai-lieu.chn | https://cafef.vn/du-lieu/dmc/bao-cao-tai-chinh.chn,
