company_id,ticker,company,year,annual_or_integrated,audited_annual_financial,full_year_governance,sustainability_separate_or_embedded,exchange_or_aggregator_copy,notes
vnm,VNM,Công ty Cổ phần Sữa Việt Nam,2021,pending,pending,pending,pending,pending,
vnm,VNM,Công ty Cổ phần Sữa Việt Nam,2022,pending,pending,pending,pending,pending,
vnm,VNM,Công ty Cổ phần Sữa Việt Nam,2023,pending,pending,pending,pending,pending,
vnm,VNM,Công ty Cổ phần Sữa Việt Nam,2024,pending,pending,pending,pending,pending,
vnm,VNM,Công ty Cổ phần Sữa Việt Nam,2025,pending,pending,pending,pending,pending,
pnj,PNJ,Công ty Cổ phần Vàng bạc Đá quý Phú Nhuận,2021,pending,pending,pending,pending,pending,
pnj,PNJ,Công ty Cổ phần Vàng bạc Đá quý Phú Nhuận,2022,pending,pending,pending,pending,pending,
pnj,PNJ,Công ty Cổ phần Vàng bạc Đá quý Phú Nhuận,2023,pending,pending,pending,pending,pending,
pnj,PNJ,Công ty Cổ phần Vàng bạc Đá quý Phú Nhuận,2024,pending,pending,pending,pending,pending,
pnj,PNJ,Công ty Cổ phần Vàng bạc Đá quý Phú Nhuận,2025,pending,pending,pending,pending,pending,
bid,BID,Ngân hàng TMCP Đầu tư và Phát triển Việt Nam,2021,pending,pending,pending,pending,pending,
bid,BID,Ngân hàng TMCP Đầu tư và Phát triển Việt Nam,2022,pending,pending,pending,pending,pending,
bid,BID,Ngân hàng TMCP Đầu tư và Phát triển Việt Nam,2023,pending,pending,pending,pending,pending,
bid,BID,Ngân hàng TMCP Đầu tư và Phát triển Việt Nam,2024,pending,pending,pending,pending,pending,
bid,BID,Ngân hàng TMCP Đầu tư và Phát triển Việt Nam,2025,pending,pending,pending,pending,pending,
ctg,CTG,Ngân hàng TMCP Công Thương Việt Nam,2021,pending,pending,pending,pending,pending,
ctg,CTG,Ngân hàng TMCP Công Thương Việt Nam,2022,pending,pending,pending,pending,pending,
ctg,CTG,Ngân hàng TMCP Công Thương Việt Nam,2023,pending,pending,pending,pending,pending,
ctg,CTG,Ngân hàng TMCP Công Thương Việt Nam,2024,pending,pending,pending,pending,pending,
ctg,CTG,Ngân hàng TMCP Công Thương Việt Nam,2025,pending,pending,pending,pending,pending,
bvh,BVH,Tập đoàn Bảo Việt,2021,pending,pending,pending,pending,pending,
bvh,BVH,Tập đoàn Bảo Việt,2022,pending,pending,pending,pending,pending,
bvh,BVH,Tập đoàn Bảo Việt,2023,pending,pending,pending,pending,pending,
bvh,BVH,Tập đoàn Bảo Việt,2024,pending,pending,pending,pending,pending,
bvh,BVH,Tập đoàn Bảo Việt,2025,pending,pending,pending,pending,pending,
ctd,CTD,Công ty Cổ phần Xây dựng Coteccons,2021,pending,pending,pending,pending,pending,
ctd,CTD,Công ty Cổ phần Xây dựng Coteccons,2022,pending,pending,pending,pending,pending,
ctd,CTD,Công ty Cổ phần Xây dựng Coteccons,2023,pending,pending,pending,pending,pending,
ctd,CTD,Công ty Cổ phần Xây dựng Coteccons,2024,pending,pending,pending,pending,pending,
ctd,CTD,Công ty Cổ phần Xây dựng Coteccons,2025,pending,pending,pending,pending,pending,
sab,SAB,Tổng Công ty Cổ phần Bia - Rượu - Nước giải khát Sài Gòn,2021,pending,pending,pending,pending,pending,
sab,SAB,Tổng Công ty Cổ phần Bia - Rượu - Nước giải khát Sài Gòn,2022,pending,pending,pending,pending,pending,
sab,SAB,Tổng Công ty Cổ phần Bia - Rượu - Nước giải khát Sài Gòn,2023,pending,pending,pending,pending,pending,
sab,SAB,Tổng Công ty Cổ phần Bia - Rượu - Nước giải khát Sài Gòn,2024,pending,pending,pending,pending,pending,
sab,SAB,Tổng Công ty Cổ phần Bia - Rượu - Nước giải khát Sài Gòn,2025,pending,pending,pending,pending,pending,
pan,PAN,Công ty Cổ phần Tập đoàn PAN,2021,pending,pending,pending,pending,pending,
pan,PAN,Công ty Cổ phần Tập đoàn PAN,2022,pending,pending,pending,pending,pending,
pan,PAN,Công ty Cổ phần Tập đoàn PAN,2023,pending,pending,pending,pending,pending,
pan,PAN,Công ty Cổ phần Tập đoàn PAN,2024,pending,pending,pending,pending,pending,
pan,PAN,Công ty Cổ phần Tập đoàn PAN,2025,pending,pending,pending,pending,pending,
dhg,DHG,Công ty Cổ phần Dược Hậu Giang,2021,pending,pending,pending,pending,pending,
dhg,DHG,Công ty Cổ phần Dược Hậu Giang,2022,pending,pending,pending,pending,pending,
dhg,DHG,Công ty Cổ phần Dược Hậu Giang,2023,pending,pending,pending,pending,pending,
dhg,DHG,Công ty Cổ phần Dược Hậu Giang,2024,pending,pending,pending,pending,pending,
dhg,DHG,Công ty Cổ phần Dược Hậu Giang,2025,pending,pending,pending,pending,pending,
tra,TRA,Công ty Cổ phần Traphaco,2021,pending,pending,pending,pending,pending,
tra,TRA,Công ty Cổ phần Traphaco,2022,pending,pending,pending,pending,pending,
tra,TRA,Công ty Cổ phần Traphaco,2023,pending,pending,pending,pending,pending,
tra,TRA,Công ty Cổ phần Traphaco,2024,pending,pending,pending,pending,pending,
tra,TRA,Công ty Cổ phần Traphaco,2025,pending,pending,pending,pending,pending,
tng,TNG,Công ty Cổ phần Đầu tư và Thương mại TNG,2021,pending,pending,pending,pending,pending,
tng,TNG,Công ty Cổ phần Đầu tư và Thương mại TNG,2022,pending,pending,pending,pending,pending,
tng,TNG,Công ty Cổ phần Đầu tư và Thương mại TNG,2023,pending,pending,pending,pending,pending,
tng,TNG,Công ty Cổ phần Đầu tư và Thương mại TNG,2024,pending,pending,pending,pending,pending,
tng,TNG,Công ty Cổ phần Đầu tư và Thương mại TNG,2025,pending,pending,pending,pending,pending,
vcs,VCS,Công ty Cổ phần Vicostone,2021,pending,pending,pending,pending,pending,
vcs,VCS,Công ty Cổ phần Vicostone,2022,pending,pending,pending,pending,pending,
vcs,VCS,Công ty Cổ phần Vicostone,2023,pending,pending,pending,pending,pending,
vcs,VCS,Công ty Cổ phần Vicostone,2024,pending,pending,pending,pending,pending,
vcs,VCS,Công ty Cổ phần Vicostone,2025,pending,pending,pending,pending,pending,
bmp,BMP,Công ty Cổ phần Nhựa Bình Minh,2021,pending,pending,pending,pending,pending,
bmp,BMP,Công ty Cổ phần Nhựa Bình Minh,2022,pending,pending,pending,pending,pending,
bmp,BMP,Công ty Cổ phần Nhựa Bình Minh,2023,pending,pending,pending,pending,pending,
bmp,BMP,Công ty Cổ phần Nhựa Bình Minh,2024,pending,pending,pending,pending,pending,
bmp,BMP,Công ty Cổ phần Nhựa Bình Minh,2025,pending,pending,pending,pending,pending,
msr,MSR,Công ty Cổ phần Masan High-Tech Materials,2021,pending,pending,pending,pending,pending,
msr,MSR,Công ty Cổ phần Masan High-Tech Materials,2022,pending,pending,pending,pending,pending,
msr,MSR,Công ty Cổ phần Masan High-Tech Materials,2023,pending,pending,pending,pending,pending,
msr,MSR,Công ty Cổ phần Masan High-Tech Materials,2024,pending,pending,pending,pending,pending,
msr,MSR,Công ty Cổ phần Masan High-Tech Materials,2025,pending,pending,pending,pending,pending,
pow,POW,Tổng Công ty Điện lực Dầu khí Việt Nam - CTCP,2021,pending,pending,pending,pending,pending,
pow,POW,Tổng Công ty Điện lực Dầu khí Việt Nam - CTCP,2022,pending,pending,pending,pending,pending,
pow,POW,Tổng Công ty Điện lực Dầu khí Việt Nam - CTCP,2023,pending,pending,pending,pending,pending,
pow,POW,Tổng Công ty Điện lực Dầu khí Việt Nam - CTCP,2024,pending,pending,pending,pending,pending,
pow,POW,Tổng Công ty Điện lực Dầu khí Việt Nam - CTCP,2025,pending,pending,pending,pending,pending,
nt2,NT2,Công ty Cổ phần Điện lực Dầu khí Nhơn Trạch 2,2021,pending,pending,pending,pending,pending,
nt2,NT2,Công ty Cổ phần Điện lực Dầu khí Nhơn Trạch 2,2022,pending,pending,pending,pending,pending,
nt2,NT2,Công ty Cổ phần Điện lực Dầu khí Nhơn Trạch 2,2023,pending,pending,pending,pending,pending,
nt2,NT2,Công ty Cổ phần Điện lực Dầu khí Nhơn Trạch 2,2024,pending,pending,pending,pending,pending,
nt2,NT2,Công ty Cổ phần Điện lực Dầu khí Nhơn Trạch 2,2025,pending,pending,pending,pending,pending,
qns,QNS,Công ty Cổ phần Đường Quảng Ngãi,2021,pending,pending,pending,pending,pending,
qns,QNS,Công ty Cổ phần Đường Quảng Ngãi,2022,pending,pending,pending,pending,pending,
qns,QNS,Công ty Cổ phần Đường Quảng Ngãi,2023,pending,pending,pending,pending,pending,
qns,QNS,Công ty Cổ phần Đường Quảng Ngãi,2024,pending,pending,pending,pending,pending,
qns,QNS,Công ty Cổ phần Đường Quảng Ngãi,2025,pending,pending,pending,pending,pending,
hdb,HDB,Ngân hàng TMCP Phát triển Thành phố Hồ Chí Minh,2021,pending,pending,pending,pending,pending,
hdb,HDB,Ngân hàng TMCP Phát triển Thành phố Hồ Chí Minh,2022,pending,pending,pending,pending,pending,
hdb,HDB,Ngân hàng TMCP Phát triển Thành phố Hồ Chí Minh,2023,pending,pending,pending,pending,pending,
hdb,HDB,Ngân hàng TMCP Phát triển Thành phố Hồ Chí Minh,2024,pending,pending,pending,pending,pending,
hdb,HDB,Ngân hàng TMCP Phát triển Thành phố Hồ Chí Minh,2025,pending,pending,pending,pending,pending,
mwg,MWG,Công ty Cổ phần Đầu tư Thế Giới Di Động,2021,pending,pending,pending,pending,pending,
mwg,MWG,Công ty Cổ phần Đầu tư Thế Giới Di Động,2022,pending,pending,pending,pending,pending,
mwg,MWG,Công ty Cổ phần Đầu tư Thế Giới Di Động,2023,pending,pending,pending,pending,pending,
mwg,MWG,Công ty Cổ phần Đầu tư Thế Giới Di Động,2024,pending,pending,pending,pending,pending,
mwg,MWG,Công ty Cổ phần Đầu tư Thế Giới Di Động,2025,pending,pending,pending,pending,pending,
tlg,TLG,Công ty Cổ phần Tập đoàn Thiên Long,2021,pending,pending,pending,pending,pending,
tlg,TLG,Công ty Cổ phần Tập đoàn Thiên Long,2022,pending,pending,pending,pending,pending,
tlg,TLG,Công ty Cổ phần Tập đoàn Thiên Long,2023,pending,pending,pending,pending,pending,
tlg,TLG,Công ty Cổ phần Tập đoàn Thiên Long,2024,pending,pending,pending,pending,pending,
tlg,TLG,Công ty Cổ phần Tập đoàn Thiên Long,2025,pending,pending,pending,pending,pending,
acg,ACG,Công ty Cổ phần Gỗ An Cường,2021,pending,pending,pending,pending,pending,
acg,ACG,Công ty Cổ phần Gỗ An Cường,2022,pending,pending,pending,pending,pending,
acg,ACG,Công ty Cổ phần Gỗ An Cường,2023,pending,pending,pending,pending,pending,
acg,ACG,Công ty Cổ phần Gỗ An Cường,2024,pending,pending,pending,pending,pending,
acg,ACG,Công ty Cổ phần Gỗ An Cường,2025,pending,pending,pending,pending,pending,
phr,PHR,Công ty Cổ phần Cao su Phước Hòa,2021,pending,pending,pending,pending,pending,
phr,PHR,Công ty Cổ phần Cao su Phước Hòa,2022,pending,pending,pending,pending,pending,
phr,PHR,Công ty Cổ phần Cao su Phước Hòa,2023,pending,pending,pending,pending,pending,
phr,PHR,Công ty Cổ phần Cao su Phước Hòa,2024,pending,pending,pending,pending,pending,
phr,PHR,Công ty Cổ phần Cao su Phước Hòa,2025,pending,pending,pending,pending,pending,
dpr,DPR,Công ty Cổ phần Cao su Đồng Phú,2021,pending,pending,pending,pending,pending,
dpr,DPR,Công ty Cổ phần Cao su Đồng Phú,2022,pending,pending,pending,pending,pending,
dpr,DPR,Công ty Cổ phần Cao su Đồng Phú,2023,pending,pending,pending,pending,pending,
dpr,DPR,Công ty Cổ phần Cao su Đồng Phú,2024,pending,pending,pending,pending,pending,
dpr,DPR,Công ty Cổ phần Cao su Đồng Phú,2025,pending,pending,pending,pending,pending,
fmc,FMC,Công ty Cổ phần Thực phẩm Sao Ta,2021,pending,pending,pending,pending,pending,
fmc,FMC,Công ty Cổ phần Thực phẩm Sao Ta,2022,pending,pending,pending,pending,pending,
fmc,FMC,Công ty Cổ phần Thực phẩm Sao Ta,2023,pending,pending,pending,pending,pending,
fmc,FMC,Công ty Cổ phần Thực phẩm Sao Ta,2024,pending,pending,pending,pending,pending,
fmc,FMC,Công ty Cổ phần Thực phẩm Sao Ta,2025,pending,pending,pending,pending,pending,
cng,CNG,Công ty Cổ phần CNG Việt Nam,2021,pending,pending,pending,pending,pending,
cng,CNG,Công ty Cổ phần CNG Việt Nam,2022,pending,pending,pending,pending,pending,
cng,CNG,Công ty Cổ phần CNG Việt Nam,2023,pending,pending,pending,pending,pending,
cng,CNG,Công ty Cổ phần CNG Việt Nam,2024,pending,pending,pending,pending,pending,
cng,CNG,Công ty Cổ phần CNG Việt Nam,2025,pending,pending,pending,pending,pending,
chp,CHP,Công ty Cổ phần Thủy điện Miền Trung,2021,pending,pending,pending,pending,pending,
chp,CHP,Công ty Cổ phần Thủy điện Miền Trung,2022,pending,pending,pending,pending,pending,
chp,CHP,Công ty Cổ phần Thủy điện Miền Trung,2023,pending,pending,pending,pending,pending,
chp,CHP,Công ty Cổ phần Thủy điện Miền Trung,2024,pending,pending,pending,pending,pending,
chp,CHP,Công ty Cổ phần Thủy điện Miền Trung,2025,pending,pending,pending,pending,pending,
ocb,OCB,Ngân hàng TMCP Phương Đông,2021,pending,pending,pending,pending,pending,
ocb,OCB,Ngân hàng TMCP Phương Đông,2022,pending,pending,pending,pending,pending,
ocb,OCB,Ngân hàng TMCP Phương Đông,2023,pending,pending,pending,pending,pending,
ocb,OCB,Ngân hàng TMCP Phương Đông,2024,pending,pending,pending,pending,pending,
ocb,OCB,Ngân hàng TMCP Phương Đông,2025,pending,pending,pending,pending,pending,
dgw,DGW,Công ty Cổ phần Thế Giới Số,2021,pending,pending,pending,pending,pending,
dgw,DGW,Công ty Cổ phần Thế Giới Số,2022,pending,pending,pending,pending,pending,
dgw,DGW,Công ty Cổ phần Thế Giới Số,2023,pending,pending,pending,pending,pending,
dgw,DGW,Công ty Cổ phần Thế Giới Số,2024,pending,pending,pending,pending,pending,
dgw,DGW,Công ty Cổ phần Thế Giới Số,2025,pending,pending,pending,pending,pending,
cdn,CDN,Công ty Cổ phần Cảng Đà Nẵng,2021,pending,pending,pending,pending,pending,
cdn,CDN,Công ty Cổ phần Cảng Đà Nẵng,2022,pending,pending,pending,pending,pending,
cdn,CDN,Công ty Cổ phần Cảng Đà Nẵng,2023,pending,pending,pending,pending,pending,
cdn,CDN,Công ty Cổ phần Cảng Đà Nẵng,2024,pending,pending,pending,pending,pending,
cdn,CDN,Công ty Cổ phần Cảng Đà Nẵng,2025,pending,pending,pending,pending,pending,
dmc,DMC,Công ty Cổ phần Xuất nhập khẩu Y tế Domesco,2021,pending,pending,pending,pending,pending,
dmc,DMC,Công ty Cổ phần Xuất nhập khẩu Y tế Domesco,2022,pending,pending,pending,pending,pending,
dmc,DMC,Công ty Cổ phần Xuất nhập khẩu Y tế Domesco,2023,pending,pending,pending,pending,pending,
dmc,DMC,Công ty Cổ phần Xuất nhập khẩu Y tế Domesco,2024,pending,pending,pending,pending,pending,
dmc,DMC,Công ty Cổ phần Xuất nhập khẩu Y tế Domesco,2025,pending,pending,pending,pending,pending,
