id,company,case_entity,reporting_entity,country,authority,case_id,level,profile,case_url,report_url_1,report_url_2,report_url_3,report_url_4,report_url_status,qualifier
INT-VANGUARD-AU,Vanguard Investments Australia Ltd,Vanguard Investments Australia Ltd,Vanguard Investments Australia Ltd,Australia,ASIC / Federal Court of Australia,24-213MR,A,asset_manager,https://www.asic.gov.au/about-asic/news-centre/find-a-media-release/2024-releases/24-213mr-asic-s-vanguard-greenwashing-action-results-in-record-12-9-million-penalty/,https://www.vanguard.com.au/personal/support/forms-and-notices,https://www.vanguard.com.au/personal/about-us/investment-stewardship/reports-and-policies,https://www.vanguard.com.au/personal/about-us/our-esg-approach/our-approach-to-esg,,verified_official,Court penalty; preserve exact ASIC/court wording and scope of admitted misleading conduct. Do not propagate to unrelated Vanguard claims.
INT-MERCER-AU,Mercer Superannuation (Australia) Limited,Mercer Superannuation (Australia) Limited,Mercer Superannuation (Australia) Limited,Australia,ASIC / Federal Court of Australia,24-173MR,A,super_fund,https://asic.gov.au/about-asic/news-centre/find-a-media-release/2024-releases/24-173mr-asic-s-first-greenwashing-case-results-in-landmark-11-3-million-penalty-for-mercer/,https://www.mercersuper.com.au/documents/annual-reports/,https://www.mercersuper.com.au/documents/product-disclosure-statement/,,,verified_official,Court outcome on Sustainable Plus representations. Keep claim/product scope exact.
INT-ACTIVE-SUPER-AU,Active Super / LGSS Pty Limited,LGSS Pty Limited (Active Super),LGSS Pty Limited (Active Super),Australia,ASIC / Federal Court of Australia,25-042MR,A,super_fund,https://asic.gov.au/about-asic/news-centre/find-a-media-release/2025-releases/25-042mr-active-super-ordered-to-pay-10-5-million-penalty-in-asic-s-third-greenwashing-court-action/,https://www.activesuper.com.au/news-and-events/annual-members-meeting/,https://www.activesuper.com.au/the-basics/tools-and-resources/,https://www.activesuper.com.au/product-disclosure-statement/defined-benefit-scheme/defined-benefit-scheme-pds/,,verified_official_partial_archive,Court finding/penalty. Active Super products became part of Vision Super from 1 Mar 2025; keep pre-merger and post-merger entity periods separate.
INT-CLOROX-AU,The Clorox Company,Clorox Australia Pty Limited,The Clorox Company,Australia / United States,ACCC / Federal Court of Australia,ACCC-Clorox-2025,A,consumer_brand,https://www.accc.gov.au/media-release/clorox-ordered-to-pay-825m-in-penalties-for-misleading-ocean-plastic-claims-about-certain-glad-products,https://investors.thecloroxcompany.com/financial-reporting/annual-reports/default.aspx,https://www.thecloroxcompany.com/annualreport/,https://www.thecloroxcompany.com/,,verified_official,Clorox admitted misleading conduct concerning specified Glad ocean-plastic claims. Label only challenged representations/artifacts.
INT-INVESCO-US,Invesco Ltd.,"Invesco Advisers, Inc.",Invesco Ltd.,United States,U.S. SEC,SEC-2024-179,B,asset_manager,https://www.sec.gov/newsroom/press-releases/2024-179,https://www.invesco.com/corporate/en/investor-relations/annual-reports-and-proxy-statements.html,https://www.invesco.com/corporate/en/investor-relations.html,,,verified_official,SEC settlement without admitting or denying findings. Preserve qualifier in metadata and any narrative output.
INT-WISDOMTREE-US,"WisdomTree, Inc.","WisdomTree Asset Management, Inc.","WisdomTree, Inc.",United States,U.S. SEC,SEC-2024-173,B,asset_manager,https://www.sec.gov/newsroom/press-releases/2024-173,https://ir.wisdomtree.com/company-information/annual-reports-proxy,https://ir.wisdomtree.com/sec-filings/annual-reports,,,verified_official,SEC settlement without admitting or denying findings. Exact funds/exclusion statements are the positive legal scope.
INT-GSAM-US,"The Goldman Sachs Group, Inc.","Goldman Sachs Asset Management, L.P.","The Goldman Sachs Group, Inc.",United States,U.S. SEC,SEC-2022-209,B,asset_manager,https://www.sec.gov/newsroom/press-releases/2022-209,https://www.goldmansachs.com/investor-relations/,https://www.goldmansachs.com/investor-relations/corporate-governance/sustainability-reporting/,https://www.goldmansachs.com/investor-relations/corporate-governance/sustainability-reporting/historical-reports,https://am.gs.com/en-int/institutions/creating-impact/reports,verified_official,SEC settlement without admitting or denying findings. Scope is policies/procedures and specified ESG products/processes.
INT-TLOU-AU,Tlou Energy Limited,Tlou Energy Limited,Tlou Energy Limited,Australia,ASIC,22-294MR,C,energy_company,https://www.asic.gov.au/about-asic/news-centre/find-a-media-release/2022-releases/22-294mr-asic-acts-against-greenwashing-by-energy-company/,https://tlouenergy.com/reports/,,,,verified_official,Payment of ASIC infringement notices is not an admission of guilt or liability. Keep this qualifier machine-readable.
INT-BLACK-MOUNTAIN-AU,Black Mountain Energy Ltd,Black Mountain Energy Ltd,Black Mountain Energy Ltd,Australia,ASIC,23-001MR,C,energy_company,https://asic.gov.au/about-asic/news-centre/find-a-media-release/2023-releases/23-001mr-asic-issues-infringement-notices-to-energy-company-for-greenwashing/,https://blackmountainenergy.com/archives/,https://blackmountainenergy.com/preliminary-documentation/,https://blackmountainenergy.com/media-toolkit/,,verified_official,Payment of infringement notices is not an admission of guilt or liability.
INT-FERTOZ-AU,Fertoz Ltd / Canadian Phosphate,Fertoz Ltd,Fertoz Ltd (historical; verify rename timeline),Australia / Canada,ASIC,24-133MR,C,mining_agriculture,https://asic.gov.au/about-asic/news-centre/find-a-media-release/2024-releases/24-133mr-asx-listed-company-pays-two-infringement-notices-for-greenwashing-in-market-announcements/,https://fertoz.com/investors/,,,,verified_official_needs_historical_discovery,ASIC infringement notice payment is not an admission of guilt or liability. Verify corporate rename/entity continuity before parent mapping.
INT-MORNINGSTAR-AU,"Morningstar, Inc.",Morningstar Investment Management Australia Limited,"Morningstar, Inc.",Australia / United States,ASIC,23-324MR,C,asset_manager,https://www.asic.gov.au/about-asic/news-centre/find-a-media-release/2023-releases/23-324mr-asic-issues-infringement-notices-to-morningstar-for-statements-regarding-exposure-to-weapon-investments/,https://shareholders.morningstar.com/filings-and-stock-quote/annual-reports/default.aspx,https://www.morningstar.com/company/corporate-sustainability-policies-reports,,,verified_official,Payment is not an admission of guilt or liability. Scope relates to specified exclusion/weapon-exposure representations.
INT-NORTHERN-TRUST-AU,Northern Trust Corporation,Northern Trust Asset Management Australia Pty Ltd,Northern Trust Corporation,Australia / United States,ASIC,23-344MR,C,asset_manager,https://asic.gov.au/about-asic/news-centre/find-a-media-release/2023-releases/23-344mr-asic-issues-infringement-notices-to-northern-trust-asset-management-for-greenwashing/,https://www.northerntrust.com/united-states/about-us/investor-relations/annual-reports,https://www.northerntrust.com/japan/about-us/corporate-social-responsibility/policy,,,verified_official,Payment is not an admission of guilt or liability. Keep exact screen/product scope.
INT-SHELL-UK,Shell plc,Shell UK Ltd,Shell plc,United Kingdom,UK Advertising Standards Authority,G22-1170842,C,energy_company,https://www.asa.org.uk/rulings/shell-uk-ltd-g22-1170842-shell-uk-ltd.html,https://www.shell.com/investors/results-and-reporting/annual-report-archive.html,https://www.shell.com/sustainability/reporting-centre/reporting-centre-archive.html,https://www.shell.com/sustainability/reporting-centre.html,,verified_official,ASA ruling upheld for specified advertisements/overall impression. Not a court finding of fraud; label exact ads/claims only.
INT-REPSOL-ES,"Repsol, S.A.","Repsol, S.A.","Repsol, S.A.",Spain / United Kingdom ad jurisdiction,UK Advertising Standards Authority,A23-1185942,C,energy_company,https://www.asa.org.uk/rulings/repsol-sa-a23-1185942-repsol-sa.html,https://www.repsol.com/en/shareholders-and-investors/financial-information/annual-reports/index.cshtml,https://www.repsol.com/en/shareholders-and-investors/financial-information/annual-reports/archive/index.cshtml,https://www.repsol.com/en/sustainability/sustainability-reports/index.cshtml,,verified_official,ASA ruling scope is specified ads/claims; not company-wide greenwashing label.
INT-PETRONAS-MY,PETRONAS (Petroliam Nasional Berhad),Petroliam Nasional Berhad,Petroliam Nasional Berhad,Malaysia / United Kingdom ad jurisdiction,UK Advertising Standards Authority,A22-1169312,C,energy_company,https://www.asa.org.uk/rulings/petroliam-nasional-berhad-a22-1169312-petroliam-nasional-berhad.html,https://www.petronas.com/sustainability/reporting,https://www.petronas.com/media/reports,https://www.petronas.com/integrated-report-2025/,https://www.petronas.com/integrated-report-2024/,verified_official,ASA ruling scope is specified advertisement/overall environmental impression. Do not substitute PETRONAS Gas Berhad subsidiary reports for group reports.
INT-EQUINOR-NO,Equinor ASA,Equinor ASA,Equinor ASA,Norway / United Kingdom ad jurisdiction,UK Advertising Standards Authority,A23-1204534,C,energy_company,https://www.asa.org.uk/rulings/equinor-asa-a23-1204534-equinor-asa.html,https://www.equinor.com/investors/annual-reports,https://www.equinor.com/sustainability/sustainability-reports-archive,,,verified_official,ASA ruling applies to specified ad/overall impression.
INT-TOTALENERGIES-FR,TotalEnergies SE,TotalEnergies SE,TotalEnergies SE,France / United Kingdom ad jurisdiction,UK Advertising Standards Authority,A24-1246357,C,energy_company,https://www.asa.org.uk/rulings/totalenergies-se-a24-1246357-totalenergies-se.html,https://totalenergies.com/investors/publications-and-regulated-information/regulated-information/annual-financial-reports,https://totalenergies.com/investors/reports,,,verified_official,ASA ruling applies to specified advertisement and omitted material context; not a company-wide legal label.
INT-HSBC-UK,HSBC Holdings plc,HSBC UK Bank plc,HSBC Holdings plc,United Kingdom,UK Advertising Standards Authority,G21-1127656,C,bank,https://www.asa.org.uk/rulings/hsbc-uk-bank-plc-g21-1127656-hsbc-uk-bank-plc.html,https://www.hsbc.com/who-we-are/esg-and-responsible-business/esg-reporting-centre,https://www.hsbc.com/investors/results-and-announcements/annual-report,,,verified_official_or_stable_official,ASA ruling scope is specified advertisements and omission of material financed-emissions/context.
INT-LLOYDS-UK,Lloyds Banking Group plc,Lloyds Bank plc,Lloyds Banking Group plc,United Kingdom,UK Advertising Standards Authority,A24-1244509,C,bank,https://www.asa.org.uk/rulings/lloyds-bank-plc-a24-1244509-lloyds-bank-plc.html,https://www.lloydsbankinggroup.com/investors/annual-report/annual-report-archive.html,,,,verified_official,Keep which advertisement/claim was upheld vs not upheld. Do not flatten mixed ruling into all-positive label.
INT-UNILEVER-UK,Unilever PLC,Unilever UK Ltd,Unilever PLC,United Kingdom,UK Advertising Standards Authority,A22-1150985,C,consumer_brand,https://www.asa.org.uk/rulings/unilever-uk-ltd-a22-1150985-unilever-uk-ltd.html,https://www.unilever.com/investors/annual-report-and-accounts/,https://www.unilever.com/,,,verified_official,Scope is specified Persil environmental advertisement/lifecycle substantiation.
INT-TESCO-UK,Tesco PLC,Tesco Stores Ltd,Tesco PLC,United Kingdom,UK Advertising Standards Authority,G21-1128264,C,retail_brand,https://www.asa.org.uk/rulings/tesco-stores-ltd-g21-1128264-tesco-stores-ltd.html,https://www.tescoplc.com/investors/,https://www.tescoplc.com/investors/reports-results-and-presentations/,https://origin.tescoplc.com/investors,https://origin.tescoplc.com/investors/shareholder-centre/,official_seed_verified_with_origin_fallback,Scope is specified Plant Chef environmental claims and substantiation.
INT-OATLY-UK,Oatly Group AB,Oatly UK Ltd,Oatly Group AB,Sweden / United Kingdom,UK Advertising Standards Authority,G21-1096286,C,consumer_brand,https://www.asa.org.uk/rulings/oatly-uk-ltd-g21-1096286-oatly-uk-ltd.html,https://investors.oatly.com/financials-filings,,,,verified_official,ASA ruling contains multiple challenged environmental claims; preserve per-claim upheld/not-upheld status if mixed.
INT-LUFTHANSA-DE,Deutsche Lufthansa AG,Deutsche Lufthansa AG,Deutsche Lufthansa AG,Germany / United Kingdom ad jurisdiction,UK Advertising Standards Authority,A22-1169419,C,airline_public,https://www.asa.org.uk/rulings/deutsche-lufthansa-ag-a22-1169419-deutsche-lufthansa-ag.html,https://investor-relations.lufthansagroup.com/en/financial-reports-publications.html,https://www.lufthansagroup.com/en/responsibility/news-and-data/reporting.html,,,verified_official,"Scope is specified environmental advertising claim(s), not company-wide finding."
INT-ETIHAD-AE,Etihad Airways,Etihad Airways,Etihad Airways,United Arab Emirates / United Kingdom ad jurisdiction,UK Advertising Standards Authority,A23-1206008,C,airline_private,https://www.asa.org.uk/rulings/etihad-airways-a23-1206008-etihad-airways.html,https://www.etihad.com/en/about-us/sustainability,https://www.etihad.com/en-cd/about-us/sustainability,https://www.etihad.com/en-gb/news/etihad-publishes-2022-sustainability-report,,verified_official_partial_archive,Scope is specified advertising/environmental advocacy representations.
INT-MAZDA-UK,Mazda Motor Corporation,Mazda Motors UK Ltd,Mazda Motor Corporation,Japan / United Kingdom,UK Advertising Standards Authority,A24-1247950,C,automotive,https://www.asa.org.uk/rulings/mazda-motors-uk-ltd-a24-1247950-mazda-motors-uk-ltd.html,https://www.mazda.com/en/sustainability/report/,https://www.mazda.com/en/investors/library/integrated-report/,https://www.mazda.com/en/sustainability/,,verified_official,Scope is specified vehicle sustainability claim.
INT-NIKE-UK,"NIKE, Inc.",Nike Retail B.V.,"NIKE, Inc.",United States / United Kingdom ad jurisdiction,UK Advertising Standards Authority,A25-1309100,C,fashion_brand,https://www.asa.org.uk/rulings/nike-retail-bv-a25-1309100-nike-retail-bv.html,https://investors.nike.com/investors/news-events-and-reports/,https://about.nike.com/en/resources/nike-inc-impact-report-archive,https://about.nike.com/en/mission/focus-areas/sustainability,,verified_official,Scope is specified “Sustainable Materials” advertising claim. Maintain case_entity != reporting_entity.
INT-UNIQLO-UK,"FAST RETAILING CO., LTD.",UNIQLO (UK) Ltd,"FAST RETAILING CO., LTD.",Japan / United Kingdom,UK Advertising Standards Authority,A26-1327727,C,fashion_brand,https://www.asa.org.uk/rulings/uniqlo--uk--ltd-a26-1327727-uniqlo--uk--ltd.html,https://www.fastretailing.com/eng/ir/library/annual.html,https://www.fastretailing.com/eng/sustainability/report/,https://www.fastretailing.com/eng/sustainability/report/data.html,,verified_official,"Scope is specified recycled-materials advertisement. Case year is 2026, but corporate corpus window remains 2021–2025 for comparability."
INT-ADIDAS-UK,adidas AG,adidas (UK) Ltd,adidas AG,Germany / United Kingdom,UK Advertising Standards Authority,A26-1327728,C,fashion_brand,https://www.asa.org.uk/rulings/adidas-uk-ltd-a26-1327728-adidas-uk-ltd.html,https://www.adidas-group.com/en/sustainability/resource-center/reports,https://www.adidas-group.com/en/sustainability,https://report.adidas-group.com/2025/en/,,verified_official,Scope is specified recycled-running-shoes advertisement. Corporate benchmark window remains 2021–2025.
INT-CALVIN-KLEIN-UK,PVH Corp.,Calvin Klein Europe B.V.,PVH Corp.,United States / United Kingdom ad jurisdiction,UK Advertising Standards Authority,A26-1327724,C,fashion_brand,https://www.asa.org.uk/rulings/calvin-klein-europe-bv--a26-1327724-calvin-klein-europe-bv.html,https://www.pvh.com/investor-relations,https://www.pvh.com/investor-relations/sec-filings?group=Annual,https://www.pvh.com/responsibility,https://www.pvh.com/responsibility/resources,verified_official,Scope is specified responsibly-sourced/recycled/organic advertising claim. Corporate benchmark window remains 2021–2025.
