source_id,case_id,organization,document_type,document_year,authority,role,url,format,acquisition_status,expected_filename,page_targets,notes
KDP_SEC_ORDER_2024,KDP-2024,Keurig Dr Pepper Inc.,regulatory_order,2024,U.S. Securities and Exchange Commission,adjudication_evidence,https://www.sec.gov/files/litigation/admin/2024/34-100983.pdf,pdf,download_by_script,KDP_SEC_Order_34-100983.pdf,1-4,Primary enforcement source; settlement without admitting or denying findings.
KDP_SEC_PRESS_2024,KDP-2024,Keurig Dr Pepper Inc.,regulatory_press_release,2024,U.S. Securities and Exchange Commission,case_summary,https://www.sec.gov/newsroom/press-releases/2024-122,html,download_by_script,KDP_SEC_Press_2024-122.html,,Primary summary of charge and $1.5m civil penalty.
BNY_SEC_ORDER_2022,BNY-2022,"BNY Mellon Investment Adviser, Inc.",regulatory_order,2022,U.S. Securities and Exchange Commission,adjudication_evidence,https://www.sec.gov/files/litigation/admin/2022/ia-6032.pdf,pdf,download_by_script,BNY_SEC_Order_IA-6032.pdf,"1,3-5",Primary enforcement source; settlement without admitting or denying findings.
BNY_SEC_PRESS_2022,BNY-2022,"BNY Mellon Investment Adviser, Inc.",regulatory_press_release,2022,U.S. Securities and Exchange Commission,case_summary,https://www.sec.gov/newsroom/press-releases/2022-86,html,download_by_script,BNY_SEC_Press_2022-86.html,,Primary summary of ESG-process misstatements and $1.5m penalty.
DWS_SEC_ORDER_2023,DWS-2023,"DWS Investment Management Americas, Inc.",regulatory_order,2023,U.S. Securities and Exchange Commission,adjudication_evidence,https://www.sec.gov/files/litigation/admin/2023/ia-6432.pdf,pdf,download_by_script,DWS_SEC_Order_IA-6432.pdf,1-6,Primary ESG enforcement order; $19m ESG penalty; no admission or denial.
DWS_SEC_PRESS_2023,DWS-2023,"DWS Investment Management Americas, Inc.",regulatory_press_release,2023,U.S. Securities and Exchange Commission,case_summary,https://www.sec.gov/newsroom/press-releases/2023-194,html,download_by_script,DWS_SEC_Press_2023-194.html,,Primary summary; separates $19m ESG action from $6m AML action.
DWS_ANNUAL_REPORT_2023,DWS-2023,DWS Group,annual_report_and_financial_statements,2023,DWS Group,post_remediation_control,https://download.dws.com/download?elib-assetguid=7b94678556314820b24fabbad5bbc6e6&publishLocationGuid=eacbc9cf4b8e4d2189eb69cd09e2ff4f,pdf,download_by_script,DWS_Annual_Report_2023.pdf,"1,26-27,199-251","Includes responsibility, audited financials, climate report and taxonomy disclosures."
DWS_ANNUAL_REPORT_2020,DWS-2023,DWS Group,annual_report,2020,DWS Group,historical_claim_source,,pdf,manual_acquisition_required,DWS_Annual_Report_2020.pdf,,Locate and archive the official 2020 report before using report-level claims in training.
KLM_JUDGMENT_2024,KLM-2024,KLM Royal Dutch Airlines,court_judgment,2024,District Court of Amsterdam,adjudication_evidence,https://uitspraken.rechtspraak.nl/details?id=ECLI%3ANL%3ARBAMS%3A2024%3A1512,html,download_by_script,KLM_Judgment_ECLI-NL-RBAMS-2024-1512.html,,"Landing page only: JavaScript shell, ~3.8 KB, contains no judgment text. Use KLM_JUDGMENT_2024_XML for the actual ruling."
KLM_JUDGMENT_2024_XML,KLM-2024,KLM Royal Dutch Airlines,court_judgment,2024,District Court of Amsterdam,adjudication_evidence,https://data.rechtspraak.nl/uitspraken/content?id=ECLI:NL:RBAMS:2024:1512,xml,download_by_script,KLM_Judgment_ECLI-NL-RBAMS-2024-1512.xml,,Official Rechtspraak open-data API; full judgment text in Dutch. Authoritative source for this case.
KLM_ANNUAL_REPORT_2020,KLM-2024,KLM Royal Dutch Airlines,annual_report_and_financial_statements,2020,KLM,corporate_context,https://img.static-kl.com/m/334e4d894aae270e/original/KLM-2020-Annual-Report.pdf,pdf,download_by_script,KLM_Annual_Report_2020.pdf,7,"Page 7 references Fly Responsibly and sustainability targets; not itself the set of 19 adjudicated ads. Host img.static-kl.com is slow and intermittently times out; retry rather than treating one failure as permanent."
HPG_ANNUAL_REPORT_2024,VN-HPG-CONTROL,Hoa Phat Group,annual_report_and_financial_statements,2024,Hoa Phat Group,vietnam_control_document,https://file.hoaphat.com.vn/hoaphat-com-vn/2025/04/bao-cao-thuong-nien-hpg-2024.pdf,pdf,download_by_script,HPG_Annual_Report_2024.pdf,,"Control case for Vietnamese OCR, tables, ESG-financial consistency and claim extraction."
HPG_SUSTAINABILITY_REPORT_2025,VN-HPG-CONTROL,Hoa Phat Group,sustainability_report,2025,Hoa Phat Group,vietnam_control_document,https://file.hoaphat.com.vn/hoaphat-com-vn/2026/04/hpg-bao-cao-ptbv-2025.pdf,pdf,download_by_script,HPG_Sustainability_Report_2025.pdf,,Control only: do not label greenwashing without independent evidence and adjudication.
BVH_SUSTAINABILITY_PAGE_2025,VN-BVH-CONTROL,Bao Viet Holdings,sustainability_disclosure_index,2025,Bao Viet Holdings,vietnam_control_document,https://www.baoviet.com.vn/vi/phat-trien-ben-vung,html,download_by_script,BVH_Sustainability_Page_2025.html,,Follow official report links and archive the referenced PDF with checksum.
BVH_INVESTOR_RELATIONS,VN-BVH-CONTROL,Bao Viet Holdings,investor_relations_index,2025,Bao Viet Holdings,financial_source_discovery,https://www.baoviet.com.vn/vi/quan-he-co-dong,html,download_by_script,BVH_Investor_Relations.html,,Use to discover audited financial reports paired with sustainability claims.
